地名,センター,びん,缶,段ボール・紙製容器,ペットボトル,蛍光灯,プラ,燃やせる,燃やせない,備考
明里町,福井,水1,水2 水4,水4,水3,水3:4 6 8 10 12 2,火,月 木,金2 金4,福井
足羽上町,福井,*1,*1,*1,*1,*1,*1,*1,*1,福井（足羽山）
足羽１丁目,福井,水1,水2 水4,水4,水3,水3:4 6 8 10 12 2,火,月 木,金2 金4,福井
足羽２丁目,福井,水1,水2 水4,水4,水3,水3:4 6 8 10 12 2,火,月 木,金2 金4,福井
足羽３丁目,福井,水1,水2 水4,水4,水3,水3:4 6 8 10 12 2,火,月 木,金2 金4,福井
足羽４丁目,福井,水1,水2 水4,水4,水3,水3:4 6 8 10 12 2,火,月 木,金2 金4,福井
足羽５丁目,福井,水1,水2 水4,水4,水3,水3:4 6 8 10 12 2,火,月 木,金2 金4,福井
浅水町,福井,水1,水2 水4,水4,水3,水3:5 7 9 11 1 3,木,火 金,月1 月3,福井
浅水二日町,福井,水1,水2 水4,水4,水3,水3:5 7 9 11 1 3,木,火 金,月1 月3,福井
網戸瀬町,福井,水3,水2 水4,水4,水1,水1:4 6 8 10 12 2,月,火 金,木2 木4,福井
安保町,福井,水1,水2 水4,水4,水3,水3:5 7 9 11 1 3,木,火 金,月1 月3,福井
天菅生町,福井,水2,水1 水3,水3,水4,水4:5 7 9 11 1 3,月,火 金,木2 木4,福井
荒木別所町,福井,水4,水1 水3,水3,水2,水2:5 7 9 11 1 3,金,月 木,火2 火4,福井
飯塚町,福井,水1,水2 水4,水4,水3,水3:5 7 9 11 1 3,火,月 木,金1 金3,福井
幾久町【２字以外】,福井,水3,水2 水4,水4,水1,水1:5 7 9 11 1 3,木,火 金,月2 月4,福井
幾久町【２字】,福井,水3,水2 水4,水4,水1,水1:4 6 8 10 12 2,月,火 金,木2 木4,福井
幾代２丁目,福井,水3,水2 水4,水4,水1,水1:4 6 8 10 12 2,月,火 金,木2 木4,福井
泉田町,福井,水4,水1 水3,水3,水2,水2:5 7 9 11 1 3,月,火 金,木2 木4,福井
板垣町,福井,水4,水1 水3,水3,水2,水2:4 6 8 10 12 2,金,月 木,火2 火4,福井
一本木町,福井,水4,水1 水3,水3,水2,水2:4 6 8 10 12 2,金,月 木,火2 火4,福井
今泉町,福井,水4,水1 水3,水3,水2,水2:5 7 9 11 1 3,火,月 木,金2 金4,福井
今市町,福井,水1,水2 水4,水4,水3,水3:5 7 9 11 1 3,木,火 金,月1 月3,福井
印田町,福井,水4,水1 水3,水3,水2,水2:5 7 9 11 1 3,月,火 金,木2 木4,福井
板垣１丁目,福井,水4,水1 水3,水3,水2,水2:4 6 8 10 12 2,金,月 木,火2 火4,福井
板垣２丁目,福井,水4,水1 水3,水3,水2,水2:4 6 8 10 12 2,金,月 木,火2 火4,福井
板垣３丁目,福井,水4,水1 水3,水3,水2,水2:4 6 8 10 12 2,金,月 木,火2 火4,福井
板垣４丁目,福井,水4,水1 水3,水3,水2,水2:4 6 8 10 12 2,金,月 木,火2 火4,福井
板垣５丁目,福井,水4,水1 水3,水3,水2,水2:4 6 8 10 12 2,金,月 木,火2 火4,福井
上伏町,福井,水3,水2 水4,水4,水1,水1:5 7 9 11 1 3,木,火 金,月2 月4,福井
運動公園１丁目,福井,水1,水2 水4,水4,水3,水3:4 6 8 10 12 2,木,火 金,月2 月4,福井
運動公園２丁目,福井,水1,水2 水4,水4,水3,水3:4 6 8 10 12 2,木,火 金,月2 月4,福井
馬垣町,福井,水4,水1 水3,水3,水2,水2:4 6 8 10 12 2,金,月 木,火2 火4,福井
運動公園３丁目,福井,水1,水2 水4,水4,水3,水3:4 6 8 10 12 2,木,火 金,月2 月4,福井
運動公園４丁目,福井,水1,水2 水4,水4,水3,水3:4 6 8 10 12 2,木,火 金,月2 月4,福井
羽水１丁目,福井,水4,水1 水3,水3,水2,水2:4 6 8 10 12 2,金,月 木,火2 火4,福井
羽水２丁目,福井,水4,水1 水3,水3,水2,水2:4 6 8 10 12 2,金,月 木,火2 火4,福井
羽水３丁目,福井,水4,水1 水3,水3,水2,水2:4 6 8 10 12 2,金,月 木,火2 火4,福井
江端町,福井,水1,水2 水4,水4,水3,水3:5 7 9 11 1 3,木,火 金,月1 月3,福井
海老助町,福井,水3,水2 水4,水4,水1,水1:5 7 9 11 1 3,木,火 金,月2 月4,福井
江守中町,福井,水1,水2 水4,水4,水3,水3:4 6 8 10 12 2,月,火 金,木1 木3,福井
円山１丁目,福井,水4,水1 水3,水3,水2,水2:5 7 9 11 1 3,火,月 木,金2 金4,福井
江守の里１丁目,福井,水1,水2 水4,水4,水3,水3:5 7 9 11 1 3,木,火 金,月1 月3,福井
江守の里２丁目,福井,水1,水2 水4,水4,水3,水3:5 7 9 11 1 3,木,火 金,月1 月3,福井
江尻ケ丘町,福井,水1,水2 水4,水4,水3,水3:5 7 9 11 1 3,木,火 金,月1 月3,福井
江守中１丁目,福井,水1,水2 水4,水4,水3,水3:4 6 8 10 12 2,月,火 金,木1 木3,福井
江守中２丁目,福井,水1,水2 水4,水4,水3,水3:4 6 8 10 12 2,月,火 金,木1 木3,福井
円山２丁目,福井,水4,水1 水3,水3,水2,水2:5 7 9 11 1 3,火,月 木,金2 金4,福井
大町【（江崎以外）】,福井,水1,水2 水4,水4,水3,水3:5 7 9 11 1 3,木,火 金,月1 月3,福井
大町【（江崎）】,福井,水1,水2 水4,水4,水3,水3:4 6 8 10 12 2,木,火 金,木1 木3,福井
大島町【（江端川北）】,福井,水1,水2 水4,水4,水3,水3:4 6 8 10 12 2,月,火 金,木1 木3,福井
大島町【（江端川南）】,福井,水1,水2 水4,水4,水3,水3:5 7 9 11 1 3,木,火 金,月1 月3,福井
大瀬町【５・６字】,福井,水2,水1 水3,水3,水4,水4:5 7 9 11 1 3,火,月 木,金1 金3,福井
大瀬町【５・６字以外】,福井,水1,水2 水4,水4,水3,水3:5 7 9 11 1 3,火,月 木,金1 金3,福井
大手１丁目,福井,水4,水1 水3,水3,水2,水2:4 6 8 10 12 2,金,月 木,火1 火3,福井
大手２丁目,福井,水4,水1 水3,水3,水2,水2:4 6 8 10 12 2,金,月 木,火1 火3,福井
大手３丁目【（北側）】,福井,水4,水1 水3,水3,水2,水2:4 6 8 10 12 2,金,月 木,火1 火3,福井
大手３丁目【（北側以外）】,福井,水4,水1 水3,水3,水2,水2:4 6 8 10 12 2,金,月 木,火1 火3,福井
大畑町,福井,水4,水1 水3,水3,水2,水2:5 7 9 11 1 3,金,月 木,火2 火4,福井
大宮１丁目,福井,水3,水2 水4,水4,水1,水1:5 7 9 11 1 3,木,火 金,月2 月4,福井
大宮２丁目,福井,水3,水2 水4,水4,水1,水1:5 7 9 11 1 3,木,火 金,月2 月4,福井
大宮３丁目,福井,水3,水2 水4,水4,水1,水1:5 7 9 11 1 3,木,火 金,月2 月4,福井
大宮４丁目,福井,水3,水2 水4,水4,水1,水1:5 7 9 11 1 3,木,火 金,月2 月4,福井
大和田町,福井,水4,水1 水3,水3,水2,水2:5 7 9 11 1 3,月,火 金,木2 木4,福井
岡西谷町,福井,水4,水1 水3,水3,水2,水2:5 7 9 11 1 3,金,月 木,火2 火4,福井
恐神町,福井,水2,水1 水3,水3,水4,水4:5 7 9 11 1 3,木,火 金,月2 月4,福井
小山谷町,福井,*1,*1,*1,*1,*1,*1,*1,*1,福井（足羽山）
大宮５丁目,福井,水3,水2 水4,水4,水1,水1:5 7 9 11 1 3,木,火 金,月2 月4,福井
大宮６丁目,福井,水3,水2 水4,水4,水1,水1:5 7 9 11 1 3,木,火 金,月2 月4,福井
大町１丁目,福井,水1,水2 水4,水4,水3,水3:5 7 9 11 1 3,木,火 金,月1 月3,福井
大町２丁目,福井,水1,水2 水4,水4,水3,水3:5 7 9 11 1 3,木,火 金,月1 月3,福井
大和田１丁目,福井,水4,水1 水3,水3,水2,水2:5 7 9 11 1 3,月,火 金,木2 木4,福井
大和田２丁目,福井,水4,水1 水3,水3,水2,水2:5 7 9 11 1 3,月,火 金,木2 木4,福井
開発町,福井,水4,水1 水3,水3,水2,水2:5 7 9 11 1 3,火,月 木,金2 金4,福井
花月１丁目,福井,水2,水1 水3,水3,水4,水4:4 6 8 10 12 2,火,月 木,金1 金3,福井
花月２丁目,福井,水2,水1 水3,水3,水4,水4:4 6 8 10 12 2,火,月 木,金1 金3,福井
花月３丁目,福井,水2,水1 水3,水3,水4,水4:4 6 8 10 12 2,火,月 木,金1 金3,福井
花月４丁目,福井,水2,水1 水3,水3,水4,水4:4 6 8 10 12 2,火,月 木,金1 金3,福井
主計中町,福井,水1,水2 水4,水4,水3,水3:5 7 9 11 1 3,木,火 金,月1 月3,福井
春日町,福井,水4,水1 水3,水3,水2,水2:4 6 8 10 12 2,金,月 木,火2 火4,福井
春日１丁目,福井,水4,水1 水3,水3,水2,水2:4 6 8 10 12 2,金,月 木,火2 火4,福井
春日２丁目,福井,水4,水1 水3,水3,水2,水2:4 6 8 10 12 2,金,月 木,火2 火4,福井
春日３丁目,福井,水4,水1 水3,水3,水2,水2:4 6 8 10 12 2,金,月 木,火2 火4,福井
勝見１丁目,福井,水4,水1 水3,水3,水2,水2:4 6 8 10 12 2,金,月 木,火2 火4,福井
勝見２丁目,福井,水4,水1 水3,水3,水2,水2:4 6 8 10 12 2,金,月 木,火2 火4,福井
勝見３丁目,福井,水4,水1 水3,水3,水2,水2:4 6 8 10 12 2,金,月 木,火2 火4,福井
金屋町,福井,水2,水1 水3,水3,水4,水4:5 7 9 11 1 3,木,火 金,月2 月4,福井
上一光町,福井,*1,*1,*1,*1,*1,*1,*1,*1,福井（冬季特別）
上江尻町,福井,水1,水2 水4,水4,水3,水3:5 7 9 11 1 3,木,火 金,月1 月3,福井
上中町,福井,水4,水1 水3,水3,水2,水2:5 7 9 11 1 3,月,火 金,木2 木4,福井
加茂河原町【（こどもの国を含む）】,福井,水1,水2 水4,水4,水3,水3:5 7 9 11 1 3,火,月 木,金2 金4,福井
加茂河原１丁目,福井,水1,水2 水4,水4,水3,水3:5 7 9 11 1 3,火,月 木,金2 金4,福井
河合勝見町,福井,水3,水2 水4,水4,水1,水1:4 6 8 10 12 2,月,火 金,木2 木4,福井
川合鷲塚町,福井,水3,水2 水4,水4,水1,水1:4 6 8 10 12 2,月,火 金,木2 木4,福井
つくし野１丁目,福井,水3,水2 水4,水4,水1,水1:4 6 8 10 12 2,月,火 金,木2 木4,福井
つくし野２丁目,福井,水3,水2 水4,水4,水1,水1:4 6 8 10 12 2,月,火 金,木2 木4,福井
つくし野３丁目,福井,水3,水2 水4,水4,水1,水1:4 6 8 10 12 2,月,火 金,木2 木4,福井
加茂河原２丁目,福井,水1,水2 水4,水4,水3,水3:5 7 9 11 1 3,火,月 木,金2 金4,福井
加茂河原３丁目,福井,水1,水2 水4,水4,水3,水3:5 7 9 11 1 3,火,月 木,金2 金4,福井
開発１丁目,福井,水4,水1 水3,水3,水2,水2:5 7 9 11 1 3,火,月 木,金2 金4,福井
開発２丁目,福井,水4,水1 水3,水3,水2,水2:5 7 9 11 1 3,火,月 木,金2 金4,福井
開発３丁目,福井,水4,水1 水3,水3,水2,水2:5 7 9 11 1 3,火,月 木,金2 金4,福井
開発４丁目,福井,水4,水1 水3,水3,水2,水2:5 7 9 11 1 3,火,月 木,金2 金4,福井
開発５丁目,福井,水4,水1 水3,水3,水2,水2:5 7 9 11 1 3,火,月 木,金2 金4,福井
学園１丁目,福井,水2,水1 水3,水3,水4,水4:4 6 8 10 12 2,火,月 木,金1 金3,福井
学園２丁目,福井,水2,水1 水3,水3,水4,水4:4 6 8 10 12 2,火,月 木,金1 金3,福井
学園３丁目,福井,水2,水1 水3,水3,水4,水4:4 6 8 10 12 2,火,月 木,金1 金3,福井
花月５丁目,福井,水2,水1 水3,水3,水4,水4:4 6 8 10 12 2,火,月 木,金1 金3,福井
加茂河原４丁目,福井,水1,水2 水4,水4,水3,水3:5 7 9 11 1 3,火,月 木,金2 金4,福井
上北野１丁目,福井,水4,水1 水3,水3,水2,水2:5 7 9 11 1 3,火,月 木,金2 金4,福井
上北野２丁目,福井,水4,水1 水3,水3,水2,水2:5 7 9 11 1 3,火,月 木,金2 金4,福井
加茂緑苑町【７０１～１０００番以外】,福井,水1,水2 水4,水4,水3,水3:5 7 9 11 1 3,火,月 木,金2 金4,福井
加茂緑苑町【７０１～１０００番】,福井,水1,水2 水4,水4,水3,水3:4 6 8 10 12 2,月,火 金,木1 木3,福井
岸水町,福井,水2,水1 水3,水3,水4,水4:5 7 9 11 1 3,月,火 金,木2 木4,福井
木田町,福井,水4,水1 水3,水3,水2,水2:4 6 8 10 12 2,金,月 木,火2 火4,福井
北今泉町,福井,水4,水1 水3,水3,水2,水2:5 7 9 11 1 3,火,月 木,金2 金4,福井
北楢原町,福井,水2,水1 水3,水3,水4,水4:5 7 9 11 1 3,月,火 金,木2 木4,福井
北野上町,福井,水4,水1 水3,水3,水2,水2:5 7 9 11 1 3,月,火 金,木2 木4,福井
北野下町,福井,水4,水1 水3,水3,水2,水2:5 7 9 11 1 3,月,火 金,木2 木4,福井
北堀町,福井,水2,水1 水3,水3,水4,水4:5 7 9 11 1 3,木,火 金,月2 月4,福井
北四ツ居町,福井,水4,水1 水3,水3,水2,水2:5 7 9 11 1 3,火,月 木,金2 金4,福井
経栄１丁目,福井,水3,水2 水4,水4,水1,水1:4 6 8 10 12 2,月,火 金,木2 木4,福井
経田１丁目,福井,水3,水2 水4,水4,水1,水1:4 6 8 10 12 2,月,火 金,木2 木4,福井
経田２丁目,福井,水3,水2 水4,水4,水1,水1:4 6 8 10 12 2,月,火 金,木2 木4,福井
木田１丁目,福井,水4,水1 水3,水3,水2,水2:4 6 8 10 12 2,金,月 木,火2 火4,福井
木田２丁目,福井,水4,水1 水3,水3,水2,水2:4 6 8 10 12 2,金,月 木,火2 火4,福井
木田３丁目,福井,水4,水1 水3,水3,水2,水2:4 6 8 10 12 2,金,月 木,火2 火4,福井
北四ツ居１丁目,福井,水4,水1 水3,水3,水2,水2:5 7 9 11 1 3,火,月 木,金2 金4,福井
北四ツ居２丁目,福井,水4,水1 水3,水3,水2,水2:5 7 9 11 1 3,火,月 木,金2 金4,福井
北四ツ居３丁目,福井,水4,水1 水3,水3,水2,水2:5 7 9 11 1 3,火,月 木,金2 金4,福井
狐橋１丁目,福井,水1,水2 水4,水4,水3,水3:5 7 9 11 1 3,火,月 木,金2 金4,福井
狐橋２丁目,福井,水1,水2 水4,水4,水3,水3:5 7 9 11 1 3,火,月 木,金2 金4,福井
久喜津町,福井,水1,水2 水4,水4,水3,水3:5 7 9 11 1 3,火,月 木,金2 金4,福井
黒丸町,福井,水3,水2 水4,水4,水1,水1:5 7 9 11 1 3,木,火 金,月2 月4,福井
下馬町,福井,水4,水1 水3,水3,水2,水2:4 6 8 10 12 2,金,月 木,火2 火4,福井
毛矢１丁目,福井,水1,水2 水4,水4,水3,水3:4 6 8 10 12 2,月,火 金,木1 木3,福井
毛矢２丁目【１～６番】,福井,水1,水2 水4,水4,水3,水3:4 6 8 10 12 2,火,月 木,金2 金4,福井
毛矢２丁目【７～１１番】,福井,水1,水2 水4,水4,水3,水3:4 6 8 10 12 2,月,火 金,木1 木3,福井
毛矢３丁目,福井,水1,水2 水4,水4,水3,水3:4 6 8 10 12 2,月,火 金,木1 木3,福井
玄正島町,福井,水4,水1 水3,水3,水2,水2:5 7 9 11 1 3,月,火 金,木2 木4,福井
堅達町,福井,水4,水1 水3,水3,水2,水2:5 7 9 11 1 3,金,月 木,火2 火4,福井
乾徳１丁目,福井,水2,水1 水3,水3,水4,水4:4 6 8 10 12 2,火,月 木,金1 金3,福井
乾徳２丁目,福井,水2,水1 水3,水3,水4,水4:4 6 8 10 12 2,火,月 木,金1 金3,福井
乾徳３丁目,福井,水2,水1 水3,水3,水4,水4:4 6 8 10 12 2,火,月 木,金1 金3,福井
乾徳４丁目,福井,水2,水1 水3,水3,水4,水4:4 6 8 10 12 2,火,月 木,金1 金3,福井
下馬１丁目,福井,水4,水1 水3,水3,水2,水2:4 6 8 10 12 2,金,月 木,火2 火4,福井
下馬２丁目,福井,水4,水1 水3,水3,水2,水2:4 6 8 10 12 2,金,月 木,火2 火4,福井
下馬３丁目,福井,水4,水1 水3,水3,水2,水2:4 6 8 10 12 2,金,月 木,火2 火4,福井
合島町,福井,水4,水1 水3,水3,水2,水2:5 7 9 11 1 3,金,月 木,火2 火4,福井
河水町,福井,水4,水1 水3,水3,水2,水2:5 7 9 11 1 3,金,月 木,火2 火4,福井
合谷町,福井,水1,水2 水4,水4,水3,水3:5 7 9 11 1 3,木,火 金,月1 月3,福井
河増町,福井,水4,水1 水3,水3,水2,水2:5 7 9 11 1 3,火,月 木,金2 金4,福井
郡町,福井,水3,水2 水4,水4,水1,水1:5 7 9 11 1 3,木,火 金,月2 月4,福井
五太子町,福井,*1,*1,*1,*1,*1,*1,*1,*1,福井（冬季特別）
光陽１丁目,福井,水2,水1 水3,水3,水4,水4:4 6 8 10 12 2,火,月 木,金1 金3,福井
光陽２丁目,福井,水2,水1 水3,水3,水4,水4:4 6 8 10 12 2,火,月 木,金1 金3,福井
光陽３丁目,福井,水2,水1 水3,水3,水4,水4:4 6 8 10 12 2,火,月 木,金1 金3,福井
光陽４丁目,福井,水2,水1 水3,水3,水4,水4:4 6 8 10 12 2,火,月 木,金1 金3,福井
坂下町,福井,水4,水1 水3,水3,水2,水2:5 7 9 11 1 3,金,月 木,火2 火4,福井
里別所町,福井,水3,水2 水4,水4,水1,水1:5 7 9 11 1 3,木,火 金,月2 月4,福井
左内町,福井,水1,水2 水4,水4,水3,水3:4 6 8 10 12 2,火,月 木,金2 金4,福井
三郎丸町,福井,水3,水2 水4,水4,水1,水1:5 7 9 11 1 3,木,火 金,月2 月4,福井
更毛町,福井,水2,水1 水3,水3,水4,水4:5 7 9 11 1 3,木,火 金,月2 月4,福井
三十八社町,福井,水1,水2 水4,水4,水3,水3:5 7 9 11 1 3,木,火 金,月1 月3,福井
三本木町,福井,水1,水2 水4,水4,水3,水3:5 7 9 11 1 3,木,火 金,月1 月3,福井
三郎丸１丁目,福井,水3,水2 水4,水4,水1,水1:5 7 9 11 1 3,木,火 金,月2 月4,福井
三郎丸２丁目,福井,水3,水2 水4,水4,水1,水1:5 7 9 11 1 3,木,火 金,月2 月4,福井
三郎丸３丁目,福井,水3,水2 水4,水4,水1,水1:5 7 9 11 1 3,木,火 金,月2 月4,福井
三郎丸４丁目,福井,水3,水2 水4,水4,水1,水1:5 7 9 11 1 3,木,火 金,月2 月4,福井
里別所新町,福井,水3,水2 水4,水4,水1,水1:5 7 9 11 1 3,木,火 金,月2 月4,福井
重立町,福井,水4,水1 水3,水3,水2,水2:5 7 9 11 1 3,月,火 金,木2 木4,福井
四十谷町,福井,水2,水1 水3,水3,水4,水4:5 7 9 11 1 3,月,火 金,木2 木4,福井
島橋町,福井,水4,水1 水3,水3,水2,水2:5 7 9 11 1 3,月,火 金,木2 木4,福井
下荒井町,福井,水1,水2 水4,水4,水3,水3:5 7 9 11 1 3,木,火 金,月1 月3,福井
下一光町,福井,*1,*1,*1,*1,*1,*1,*1,*1,福井（冬季特別）
下市町,福井,水2,水1 水3,水3,水4,水4:5 7 9 11 1 3,木,火 金,月2 月4,福井
下江尻町,福井,水1,水2 水4,水4,水3,水3:5 7 9 11 1 3,木,火 金,月1 月3,福井
下江守町,福井,水1,水2 水4,水4,水3,水3:4 6 8 10 12 2,月,火 金,木1 木3,福井
下中町,福井,水4,水1 水3,水3,水2,水2:5 7 9 11 1 3,月,火 金,木2 木4,福井
順化１丁目,福井,水2,水1 水3,水3,水4,水4:4 6 8 10 12 2,火,月 木,金1 金3,福井
順化２丁目,福井,水2,水1 水3,水3,水4,水4:4 6 8 10 12 2,火,月 木,金1 金3,福井
城東１丁目,福井,水4,水1 水3,水3,水2,水2:4 6 8 10 12 2,金,月 木,火2 火4,福井
城東２丁目,福井,水4,水1 水3,水3,水2,水2:4 6 8 10 12 2,金,月 木,火2 火4,福井
城東３丁目,福井,水4,水1 水3,水3,水2,水2:4 6 8 10 12 2,金,月 木,火2 火4,福井
生野町,福井,水1,水2 水4,水4,水3,水3:5 7 9 11 1 3,木,火 金,月1 月3,福井
次郎丸町,福井,水4,水1 水3,水3,水2,水2:5 7 9 11 1 3,金,月 木,火2 火4,福井
新保町,福井,水4,水1 水3,水3,水2,水2:5 7 9 11 1 3,火,月 木,金2 金4,福井
志比口１丁目,福井,水4,水1 水3,水3,水2,水2:5 7 9 11 1 3,火,月 木,金2 金4,福井
志比口２丁目,福井,水4,水1 水3,水3,水2,水2:5 7 9 11 1 3,火,月 木,金2 金4,福井
志比口３丁目,福井,水4,水1 水3,水3,水2,水2:5 7 9 11 1 3,火,月 木,金2 金4,福井
城東４丁目,福井,水4,水1 水3,水3,水2,水2:4 6 8 10 12 2,金,月 木,火2 火4,福井
新下江守町,福井,水1,水2 水4,水4,水3,水3:4 6 8 10 12 2,月,火 金,木1 木3,福井
新田本町,福井,水3,水2 水4,水4,水1,水1:4 6 8 10 12 2,月,火 金,木2 木4,福井
新保１丁目,福井,水4,水1 水3,水3,水2,水2:5 7 9 11 1 3,火,月 木,金2 金4,福井
新保２丁目,福井,水4,水1 水3,水3,水2,水2:5 7 9 11 1 3,火,月 木,金2 金4,福井
新保３丁目,福井,水4,水1 水3,水3,水2,水2:5 7 9 11 1 3,火,月 木,金2 金4,福井
末町,福井,水2,水1 水3,水3,水4,水4:5 7 9 11 1 3,木,火 金,月2 月4,福井
末広町,福井,水1,水2 水4,水4,水3,水3:5 7 9 11 1 3,木,火 金,月1 月3,福井
菅谷町,福井,水2,水1 水3,水3,水4,水4:4 6 8 10 12 2,火,月 木,金1 金3,福井
杉谷町,福井,水1,水2 水4,水4,水3,水3:5 7 9 11 1 3,木,火 金,月1 月3,福井
菅谷１丁目,福井,水2,水1 水3,水3,水4,水4:4 6 8 10 12 2,火,月 木,金1 金3,福井
菅谷２丁目,福井,水2,水1 水3,水3,水4,水4:4 6 8 10 12 2,火,月 木,金1 金3,福井
成和１丁目,福井,水4,水1 水3,水3,水2,水2:4 6 8 10 12 2,金,月 木,火2 火4,福井
成和２丁目,福井,水4,水1 水3,水3,水2,水2:4 6 8 10 12 2,金,月 木,火2 火4,福井
曽万布町,福井,水4,水1 水3,水3,水2,水2:5 7 9 11 1 3,金,月 木,火2 火4,福井
高木町,福井,水3,水2 水4,水4,水1,水1:4 6 8 10 12 2,月,火 金,木2 木4,福井
高木１丁目,福井,水3,水2 水4,水4,水1,水1:4 6 8 10 12 2,月,火 金,木2 木4,福井
高木２丁目,福井,水3,水2 水4,水4,水1,水1:4 6 8 10 12 2,月,火 金,木2 木4,福井
高屋町,福井,水3,水2 水4,水4,水1,水1:4 6 8 10 12 2,月,火 金,木2 木4,福井
高柳町,福井,水3,水2 水4,水4,水1,水1:4 6 8 10 12 2,月,火 金,木2 木4,福井
種池町,福井,水1,水2 水4,水4,水3,水3:4 6 8 10 12 2,月,火 金,木1 木3,福井
田ノ谷町,福井,水2,水1 水3,水3,水4,水4:5 7 9 11 1 3,月,火 金,木2 木4,福井
田原１丁目,福井,水2,水1 水3,水3,水4,水4:4 6 8 10 12 2,火,月 木,金1 金3,福井
田原２丁目,福井,水2,水1 水3,水3,水4,水4:4 6 8 10 12 2,火,月 木,金1 金3,福井
高木北１丁目,福井,水3,水2 水4,水4,水1,水1:4 6 8 10 12 2,月,火 金,木2 木4,福井
高木北２丁目,福井,水3,水2 水4,水4,水1,水1:4 6 8 10 12 2,月,火 金,木2 木4,福井
高木中央１丁目,福井,水3,水2 水4,水4,水1,水1:4 6 8 10 12 2,月,火 金,木2 木4,福井
高木中央２丁目,福井,水3,水2 水4,水4,水1,水1:4 6 8 10 12 2,月,火 金,木2 木4,福井
高塚町,福井,水1,水2 水4,水4,水3,水3:5 7 9 11 1 3,火,月 木,金2 金4,福井
大願寺１丁目,福井,水3,水2 水4,水4,水1,水1:5 7 9 11 1 3,木,火 金,月2 月4,福井
大願寺２丁目,福井,水3,水2 水4,水4,水1,水1:5 7 9 11 1 3,木,火 金,月2 月4,福井
大願寺３丁目,福井,水3,水2 水4,水4,水1,水1:5 7 9 11 1 3,木,火 金,月2 月4,福井
高木北３丁目,福井,水3,水2 水4,水4,水1,水1:4 6 8 10 12 2,月,火 金,木2 木4,福井
高木北４丁目,福井,水3,水2 水4,水4,水1,水1:4 6 8 10 12 2,月,火 金,木2 木4,福井
高木北５丁目,福井,水3,水2 水4,水4,水1,水1:4 6 8 10 12 2,月,火 金,木2 木4,福井
高木西１丁目,福井,水3,水2 水4,水4,水1,水1:4 6 8 10 12 2,月,火 金,木2 木4,福井
大東１丁目,福井,水4,水1 水3,水3,水2,水2:5 7 9 11 1 3,火,月 木,金2 金4,福井
大東２丁目,福井,水4,水1 水3,水3,水2,水2:5 7 9 11 1 3,火,月 木,金2 金4,福井
大東３丁目,福井,水4,水1 水3,水3,水2,水2:5 7 9 11 1 3,火,月 木,金2 金4,福井
種池１丁目,福井,水1,水2 水4,水4,水3,水3:4 6 8 10 12 2,月,火 金,木1 木3,福井
種池２丁目,福井,水1,水2 水4,水4,水3,水3:4 6 8 10 12 2,月,火 金,木1 木3,福井
高木中央３丁目,福井,水3,水2 水4,水4,水1,水1:4 6 8 10 12 2,月,火 金,木2 木4,福井
高柳１丁目,福井,水3,水2 水4,水4,水1,水1:4 6 8 10 12 2,月,火 金,木2 木4,福井
高柳２丁目【（１７０１～１８００番以外）】,福井,水3,水2 水4,水4,水1,水1:4 6 8 10 12 2,月,火 金,木2 木4,福井
高柳２丁目【（１７０１～１８００番）】,福井,水4,水1 水3,水3,水2,水2:5 7 9 11 1 3,月,火 金,木2 木4,福井
高柳３丁目,福井,水3,水2 水4,水4,水1,水1:4 6 8 10 12 2,月,火 金,木2 木4,福井
地蔵堂町,福井,水3,水2 水4,水4,水1,水1:5 7 9 11 1 3,木,火 金,月2 月4,福井
中央１丁目,福井,水4,水1 水3,水3,水2,水2:4 6 8 10 12 2,金,月 木,火1 火3,福井
中央２丁目,福井,水4,水1 水3,水3,水2,水2:4 6 8 10 12 2,金,月 木,火1 火3,福井
中央３丁目,福井,水4,水1 水3,水3,水2,水2:4 6 8 10 12 2,金,月 木,火1 火3,福井
月見１丁目,福井,水1,水2 水4,水4,水3,水3:4 6 8 10 12 2,月,火 金,木1 木3,福井
月見２丁目,福井,水1,水2 水4,水4,水3,水3:4 6 8 10 12 2,月,火 金,木1 木3,福井
つくも１丁目,福井,水1,水2 水4,水4,水3,水3:4 6 8 10 12 2,火,月 木,金2 金4,福井
つくも２丁目,福井,水1,水2 水4,水4,水3,水3:4 6 8 10 12 2,火,月 木,金2 金4,福井
土橋町,福井,水3,水2 水4,水4,水1,水1:5 7 9 11 1 3,木,火 金,月2 月4,福井
角折町,福井,水1,水2 水4,水4,水3,水3:5 7 9 11 1 3,火,月 木,金1 金3,福井
角原町,福井,水1,水2 水4,水4,水3,水3:5 7 9 11 1 3,木,火 金,月1 月3,福井
月見３丁目,福井,水1,水2 水4,水4,水3,水3:4 6 8 10 12 2,月,火 金,木1 木3,福井
月見４丁目,福井,水1,水2 水4,水4,水3,水3:4 6 8 10 12 2,月,火 金,木1 木3,福井
月見５丁目,福井,水1,水2 水4,水4,水3,水3:4 6 8 10 12 2,月,火 金,木1 木3,福井
手寄１丁目,福井,水4,水1 水3,水3,水2,水2:4 6 8 10 12 2,金,月 木,火2 火4,福井
手寄２丁目,福井,水4,水1 水3,水3,水2,水2:4 6 8 10 12 2,金,月 木,火2 火4,福井
寺前町,福井,水3,水2 水4,水4,水1,水1:4 6 8 10 12 2,月,火 金,木2 木4,福井
照手１丁目,福井,水2,水1 水3,水3,水4,水4:4 6 8 10 12 2,火,月 木,金1 金3,福井
照手２丁目,福井,水2,水1 水3,水3,水4,水4:4 6 8 10 12 2,火,月 木,金1 金3,福井
照手３丁目,福井,水2,水1 水3,水3,水4,水4:4 6 8 10 12 2,火,月 木,金1 金3,福井
照手４丁目,福井,水2,水1 水3,水3,水4,水4:4 6 8 10 12 2,火,月 木,金1 金3,福井
照手町４丁目,福井,水2,水1 水3,水3,水4,水4:4 6 8 10 12 2,火,月 木,金1 金3,福井
殿下町,福井,水4,水1 水3,水3,水2,水2:5 7 9 11 1 3,月,火 金,木2 木4,福井
問屋町１丁目,福井,水4,水1 水3,水3,水2,水2:4 6 8 10 12 2,金,月 木,火2 火4,福井
問屋町２丁目,福井,水4,水1 水3,水3,水2,水2:4 6 8 10 12 2,金,月 木,火2 火4,福井
問屋町３丁目,福井,水4,水1 水3,水3,水2,水2:4 6 8 10 12 2,金,月 木,火2 火4,福井
問屋町４丁目,福井,水4,水1 水3,水3,水2,水2:4 6 8 10 12 2,金,月 木,火2 火4,福井
浅水三ケ町,福井,水1,水2 水4,水4,水3,水3:5 7 9 11 1 3,木,火 金,月1 月3,福井
堂島町,福井,水4,水1 水3,水3,水2,水2:5 7 9 11 1 3,月,火 金,木2 木4,福井
灯明寺町,福井,水3,水2 水4,水4,水1,水1:4 6 8 10 12 2,月,火 金,木2 木4,福井
徳尾町,福井,水1,水2 水4,水4,水3,水3:5 7 9 11 1 3,木,火 金,月1 月3,福井
豊島１丁目,福井,水4,水1 水3,水3,水2,水2:4 6 8 10 12 2,金,月 木,火2 火4,福井
豊島２丁目,福井,水4,水1 水3,水3,水2,水2:4 6 8 10 12 2,金,月 木,火2 火4,福井
豊岡１丁目,福井,水2,水1 水3,水3,水4,水4:4 6 8 10 12 2,火,月 木,金1 金3,福井
豊岡２丁目,福井,水2,水1 水3,水3,水4,水4:4 6 8 10 12 2,火,月 木,金1 金3,福井
灯明寺１丁目,福井,水3,水2 水4,水4,水1,水1:4 6 8 10 12 2,月,火 金,木2 木4,福井
灯明寺２丁目,福井,水3,水2 水4,水4,水1,水1:4 6 8 10 12 2,月,火 金,木2 木4,福井
灯明寺３丁目,福井,水3,水2 水4,水4,水1,水1:4 6 8 10 12 2,月,火 金,木2 木4,福井
灯明寺４丁目,福井,水3,水2 水4,水4,水1,水1:4 6 8 10 12 2,月,火 金,木2 木4,福井
中荒井町,福井,水1,水2 水4,水4,水3,水3:5 7 9 11 1 3,木,火 金,月1 月3,福井
中角町,福井,水3,水2 水4,水4,水1,水1:4 6 8 10 12 2,月,火 金,木2 木4,福井
中野町,福井,水1,水2 水4,水4,水3,水3:5 7 9 11 1 3,木,火 金,月1 月3,福井
中ノ郷町,福井,水4,水1 水3,水3,水2,水2:5 7 9 11 1 3,月,火 金,木2 木4,福井
中藤新保町,福井,水3,水2 水4,水4,水1,水1:4 6 8 10 12 2,月,火 金,木2 木4,福井
長本町,福井,水4,水1 水3,水3,水2,水2:5 7 9 11 1 3,火,月 木,金2 金4,福井
南居町,福井,水1,水2 水4,水4,水3,水3:5 7 9 11 1 3,木,火 金,月1 月3,福井
中野１丁目,福井,水1,水2 水4,水4,水3,水3:5 7 9 11 1 3,木,火 金,月1 月3,福井
中野２丁目,福井,水1,水2 水4,水4,水3,水3:5 7 9 11 1 3,木,火 金,月1 月3,福井
中野３丁目,福井,水1,水2 水4,水4,水3,水3:5 7 9 11 1 3,木,火 金,月1 月3,福井
中新田町,福井,水4,水1 水3,水3,水2,水2:5 7 9 11 1 3,月,火 金,木2 木4,福井
西板垣町,福井,水4,水1 水3,水3,水2,水2:4 6 8 10 12 2,金,月 木,火2 火4,福井
西開発１丁目,福井,水4,水1 水3,水3,水2,水2:5 7 9 11 1 3,火,月 木,金2 金4,福井
西木田１丁目,福井,水1,水2 水4,水4,水3,水3:4 6 8 10 12 2,月,火 金,木1 木3,福井
西木田２丁目,福井,水1,水2 水4,水4,水3,水3:4 6 8 10 12 2,月,火 金,木1 木3,福井
西木田３丁目,福井,水1,水2 水4,水4,水3,水3:4 6 8 10 12 2,月,火 金,木1 木3,福井
西木田４丁目,福井,水1,水2 水4,水4,水3,水3:4 6 8 10 12 2,月,火 金,木1 木3,福井
西下野町,福井,水1,水2 水4,水4,水3,水3:5 7 9 11 1 3,火,月 木,金2 金4,福井
西谷町,福井,水1,水2 水4,水4,水3,水3:4 6 8 10 12 2,月,火 金,木1 木3,福井
西堀町,福井,水3,水2 水4,水4,水1,水1:5 7 9 11 1 3,木,火 金,月2 月4,福井
二の宮１丁目,福井,水3,水2 水4,水4,水1,水1:5 7 9 11 1 3,木,火 金,月2 月4,福井
二の宮２丁目,福井,水3,水2 水4,水4,水1,水1:5 7 9 11 1 3,木,火 金,月2 月4,福井
二の宮３丁目,福井,水3,水2 水4,水4,水1,水1:5 7 9 11 1 3,木,火 金,月2 月4,福井
二の宮４丁目,福井,水3,水2 水4,水4,水1,水1:5 7 9 11 1 3,木,火 金,月2 月4,福井
二の宮５丁目,福井,水3,水2 水4,水4,水1,水1:5 7 9 11 1 3,木,火 金,月2 月4,福井
新田塚町,福井,水3,水2 水4,水4,水1,水1:4 6 8 10 12 2,月,火 金,木2 木4,福井
西学園１丁目,福井,水1,水2 水4,水4,水3,水3:5 7 9 11 1 3,火,月 木,金1 金3,福井
西学園２丁目,福井,水1,水2 水4,水4,水3,水3:5 7 9 11 1 3,火,月 木,金1 金3,福井
西学園３丁目,福井,水1,水2 水4,水4,水3,水3:5 7 9 11 1 3,火,月 木,金1 金3,福井
西開発２丁目,福井,水4,水1 水3,水3,水2,水2:5 7 9 11 1 3,火,月 木,金2 金4,福井
西開発３丁目,福井,水4,水1 水3,水3,水2,水2:5 7 9 11 1 3,火,月 木,金2 金4,福井
西開発４丁目,福井,水4,水1 水3,水3,水2,水2:5 7 9 11 1 3,火,月 木,金2 金4,福井
西木田５丁目,福井,水1,水2 水4,水4,水3,水3:4 6 8 10 12 2,月,火 金,木1 木3,福井
新田塚１丁目,福井,水3,水2 水4,水4,水1,水1:4 6 8 10 12 2,月,火 金,木2 木4,福井
新田塚２丁目,福井,水3,水2 水4,水4,水1,水1:4 6 8 10 12 2,月,火 金,木2 木4,福井
西方１丁目,福井,水4,水1 水3,水3,水2,水2:4 6 8 10 12 2,金,月 木,火2 火4,福井
西方２丁目,福井,水4,水1 水3,水3,水2,水2:4 6 8 10 12 2,金,月 木,火2 火4,福井
西谷１丁目,福井,水1,水2 水4,水4,水3,水3:4 6 8 10 12 2,月,火 金,木1 木3,福井
西谷２丁目,福井,水1,水2 水4,水4,水3,水3:4 6 8 10 12 2,月,火 金,木1 木3,福井
西谷３丁目,福井,水1,水2 水4,水4,水3,水3:4 6 8 10 12 2,月,火 金,木1 木3,福井
日光１丁目,福井,水2,水1 水3,水3,水4,水4:4 6 8 10 12 2,火,月 木,金1 金3,福井
日光２丁目,福井,水2,水1 水3,水3,水4,水4:4 6 8 10 12 2,火,月 木,金1 金3,福井
羽坂町,福井,水2,水1 水3,水3,水4,水4:5 7 9 11 1 3,木,火 金,月2 月4,福井
花野谷町,福井,水4,水1 水3,水3,水2,水2:5 7 9 11 1 3,金,月 木,火2 火4,福井
花守町,福井,水1,水2 水4,水4,水3,水3:5 7 9 11 1 3,木,火 金,月1 月3,福井
林町,福井,水4,水1 水3,水3,水2,水2:5 7 9 11 1 3,月,火 金,木2 木4,福井
原目町,福井,水4,水1 水3,水3,水2,水2:5 7 9 11 1 3,月,火 金,木2 木4,福井
春山１丁目,福井,水2,水1 水3,水3,水4,水4:4 6 8 10 12 2,火,月 木,金1 金3,福井
春山２丁目,福井,水2,水1 水3,水3,水4,水4:4 6 8 10 12 2,火,月 木,金1 金3,福井
林藤島町,福井,水4,水1 水3,水3,水2,水2:5 7 9 11 1 3,月,火 金,木2 木4,福井
花堂北１丁目,福井,水1,水2 水4,水4,水3,水3:4 6 8 10 12 2,月,火 金,木1 木3,福井
花堂北２丁目,福井,水1,水2 水4,水4,水3,水3:4 6 8 10 12 2,月,火 金,木1 木3,福井
花堂中１丁目,福井,水1,水2 水4,水4,水3,水3:4 6 8 10 12 2,月,火 金,木1 木3,福井
花堂中２丁目,福井,水1,水2 水4,水4,水3,水3:4 6 8 10 12 2,月,火 金,木1 木3,福井
花堂南１丁目【１・２・３・４・１１番以外】,福井,水1,水2 水4,水4,水3,水3:5 7 9 11 1 3,木,火 金,月1 月3,福井
花堂南１丁目【１・２・３・４・１１番】,福井,水1,水2 水4,水4,水3,水3:4 6 8 10 12 2,月,火 金,木1 木3,福井
花堂南２丁目,福井,水1,水2 水4,水4,水3,水3:4 6 8 10 12 2,月,火 金,木1 木3,福井
花堂東１丁目【（２４．３２．３３字以外）】,福井,水4,水1 水3,水3,水2,水2:4 6 8 10 12 2,金,月 木,火2 火4,福井
花堂東１丁目【（越美北線南）】,福井,水1,水2 水4,水4,水3,水3:5 7 9 11 1 3,木,火 金,月1 月3,福井
花堂東２丁目,福井,水4,水1 水3,水3,水2,水2:4 6 8 10 12 2,金,月 木,火2 火4,福井
東今泉町,福井,水4,水1 水3,水3,水2,水2:5 7 9 11 1 3,火,月 木,金2 金4,福井
東下野町,福井,水1,水2 水4,水4,水3,水3:5 7 9 11 1 3,火,月 木,金2 金4,福井
引目町,福井,水1,水2 水4,水4,水3,水3:5 7 9 11 1 3,木,火 金,月1 月3,福井
日之出１丁目,福井,水4,水1 水3,水3,水2,水2:5 7 9 11 1 3,火,月 木,金2 金4,福井
日之出２丁目,福井,水4,水1 水3,水3,水2,水2:5 7 9 11 1 3,火,月 木,金2 金4,福井
日之出３丁目,福井,水4,水1 水3,水3,水2,水2:5 7 9 11 1 3,火,月 木,金2 金4,福井
日之出４丁目,福井,水4,水1 水3,水3,水2,水2:5 7 9 11 1 3,火,月 木,金2 金4,福井
日之出５丁目,福井,水4,水1 水3,水3,水2,水2:5 7 9 11 1 3,火,月 木,金2 金4,福井
深谷町,福井,水3,水2 水4,水4,水1,水1:5 7 9 11 1 3,木,火 金,月2 月4,福井
福町,福井,水1,水2 水4,水4,水3,水3:4 6 8 10 12 2,月,火 金,木1 木3,福井
福新町,福井,水1,水2 水4,水4,水3,水3:4 6 8 10 12 2,木,火 金,月2 月4,福井
藤島町,福井,水4,水1 水3,水3,水2,水2:5 7 9 11 1 3,月,火 金,木2 木4,福井
渕町【５・６字以外】,福井,水1,水2 水4,水4,水3,水3:4 6 8 10 12 2,月,火 金,木1 木3,福井
渕町【５・６字】,福井,水1,水2 水4,水4,水3,水3:4 6 8 10 12 2,木,火 金,月2 月4,福井
二日市町,福井,水3,水2 水4,水4,水1,水1:4 6 8 10 12 2,月,火 金,木2 木4,福井
舟橋町,福井,水3,水2 水4,水4,水1,水1:4 6 8 10 12 2,月,火 金,木2 木4,福井
舟橋１丁目,福井,水3,水2 水4,水4,水1,水1:4 6 8 10 12 2,月,火 金,木2 木4,福井
冬野町,福井,水1,水2 水4,水4,水3,水3:5 7 9 11 1 3,木,火 金,月1 月3,福井
文京１丁目,福井,水3,水2 水4,水4,水1,水1:5 7 9 11 1 3,木,火 金,月2 月4,福井
文京２丁目,福井,水3,水2 水4,水4,水1,水1:5 7 9 11 1 3,木,火 金,月2 月4,福井
文京３丁目,福井,水3,水2 水4,水4,水1,水1:5 7 9 11 1 3,木,火 金,月2 月4,福井
文京４丁目,福井,水3,水2 水4,水4,水1,水1:5 7 9 11 1 3,木,火 金,月2 月4,福井
舟橋２丁目,福井,水3,水2 水4,水4,水1,水1:4 6 8 10 12 2,月,火 金,木2 木4,福井
文京５丁目,福井,水3,水2 水4,水4,水1,水1:5 7 9 11 1 3,木,火 金,月2 月4,福井
文京６丁目,福井,水3,水2 水4,水4,水1,水1:5 7 9 11 1 3,木,火 金,月2 月4,福井
文京７丁目,福井,水3,水2 水4,水4,水1,水1:5 7 9 11 1 3,木,火 金,月2 月4,福井
舟橋３丁目,福井,水3,水2 水4,水4,水1,水1:4 6 8 10 12 2,月,火 金,木2 木4,福井
渕１丁目,福井,水1,水2 水4,水4,水3,水3:4 6 8 10 12 2,月,火 金,木1 木3,福井
渕２丁目,福井,水1,水2 水4,水4,水3,水3:4 6 8 10 12 2,月,火 金,木1 木3,福井
渕３丁目,福井,水1,水2 水4,水4,水3,水3:4 6 8 10 12 2,月,火 金,木1 木3,福井
渕４丁目【（７０４～７３０、８０１～２５００）】,福井,水1,水2 水4,水4,水3,水3:4 6 8 10 12 2,月,火 金,木1 木3,福井
渕４丁目【（７０４～７３０、８０１～２５００以外）】,福井,水1,水2 水4,水4,水3,水3:4 6 8 10 12 2,木,火 金,月2 月4,福井
福１丁目,福井,水1,水2 水4,水4,水3,水3:4 6 8 10 12 2,月,火 金,木1 木3,福井
福２丁目,福井,水1,水2 水4,水4,水3,水3:4 6 8 10 12 2,月,火 金,木1 木3,福井
舟橋新１丁目,福井,水3,水2 水4,水4,水1,水1:4 6 8 10 12 2,月,火 金,木2 木4,福井
舟橋新２丁目,福井,水3,水2 水4,水4,水1,水1:4 6 8 10 12 2,月,火 金,木2 木4,福井
舟橋黒竜１丁目,福井,水3,水2 水4,水4,水1,水1:4 6 8 10 12 2,月,火 金,木2 木4,福井
舟橋黒竜２丁目,福井,水3,水2 水4,水4,水1,水1:4 6 8 10 12 2,月,火 金,木2 木4,福井
別所町,福井,水1,水2 水4,水4,水3,水3:5 7 9 11 1 3,木,火 金,月1 月3,福井
宝永１丁目,福井,水2,水1 水3,水3,水4,水4:4 6 8 10 12 2,金,月 木,火1 火3,福井
宝永２丁目,福井,水2,水1 水3,水3,水4,水4:4 6 8 10 12 2,金,月 木,火1 火3,福井
宝永３丁目,福井,水2,水1 水3,水3,水4,水4:4 6 8 10 12 2,金,月 木,火1 火3,福井
宝永４丁目,福井,水2,水1 水3,水3,水4,水4:4 6 8 10 12 2,金,月 木,火1 火3,福井
鉾ケ崎町,福井,水1,水2 水4,水4,水3,水3:5 7 9 11 1 3,木,火 金,月1 月3,福井
細坂町,福井,水2,水1 水3,水3,水4,水4:5 7 9 11 1 3,木,火 金,月2 月4,福井
堀ノ宮町,福井,水3,水2 水4,水4,水1,水1:5 7 9 11 1 3,木,火 金,月2 月4,福井
本堂町,福井,水2,水1 水3,水3,水4,水4:5 7 9 11 1 3,木,火 金,月2 月4,福井
堀ノ宮１丁目,福井,水3,水2 水4,水4,水1,水1:5 7 9 11 1 3,木,火 金,月2 月4,福井
舞屋町,福井,水1,水2 水4,水4,水3,水3:4 6 8 10 12 2,月,火 金,木1 木3,福井
真木町,福井,水1,水2 水4,水4,水3,水3:5 7 9 11 1 3,木,火 金,月1 月3,福井
松本１丁目,福井,水2,水1 水3,水3,水4,水4:4 6 8 10 12 2,金,月 木,火1 火3,福井
松本２丁目,福井,水2,水1 水3,水3,水4,水4:4 6 8 10 12 2,金,月 木,火1 火3,福井
松本３丁目,福井,水2,水1 水3,水3,水4,水4:4 6 8 10 12 2,金,月 木,火1 火3,福井
松本４丁目,福井,水2,水1 水3,水3,水4,水4:4 6 8 10 12 2,金,月 木,火1 火3,福井
間山町,福井,水4,水1 水3,水3,水2,水2:5 7 9 11 1 3,月,火 金,木2 木4,福井
丸山町,福井,水4,水1 水3,水3,水2,水2:5 7 9 11 1 3,火,月 木,金2 金4,福井
松城町,福井,水4,水1 水3,水3,水2,水2:5 7 9 11 1 3,火,月 木,金2 金4,福井
町屋１丁目,福井,水3,水2 水4,水4,水1,水1:5 7 9 11 1 3,木,火 金,月2 月4,福井
町屋２丁目,福井,水3,水2 水4,水4,水1,水1:5 7 9 11 1 3,木,火 金,月2 月4,福井
町屋３丁目,福井,水3,水2 水4,水4,水1,水1:5 7 9 11 1 3,木,火 金,月2 月4,福井
丸山１丁目,福井,水4,水1 水3,水3,水2,水2:5 7 9 11 1 3,火,月 木,金2 金4,福井
丸山２丁目,福井,水4,水1 水3,水3,水2,水2:5 7 9 11 1 3,火,月 木,金2 金4,福井
丸山３丁目,福井,水4,水1 水3,水3,水2,水2:5 7 9 11 1 3,火,月 木,金2 金4,福井
三尾野町,福井,水1,水2 水4,水4,水3,水3:5 7 9 11 1 3,木,火 金,月1 月3,福井
三ツ屋町,福井,水3,水2 水4,水4,水1,水1:5 7 9 11 1 3,木,火 金,月2 月4,福井
南江守町,福井,水1,水2 水4,水4,水3,水3:5 7 9 11 1 3,木,火 金,月1 月3,福井
南楢原町,福井,水2,水1 水3,水3,水4,水4:5 7 9 11 1 3,月,火 金,木2 木4,福井
南四ツ居町,福井,水4,水1 水3,水3,水2,水2:5 7 9 11 1 3,火,月 木,金2 金4,福井
みのり１丁目,福井,水1,水2 水4,水4,水3,水3:4 6 8 10 12 2,月,火 金,木1 木3,福井
みのり２丁目,福井,水1,水2 水4,水4,水3,水3:4 6 8 10 12 2,月,火 金,木1 木3,福井
宮地町,福井,水4,水1 水3,水3,水2,水2:5 7 9 11 1 3,金,月 木,火2 火4,福井
御幸１丁目,福井,水4,水1 水3,水3,水2,水2:4 6 8 10 12 2,金,月 木,火2 火4,福井
御幸２丁目,福井,水4,水1 水3,水3,水2,水2:4 6 8 10 12 2,金,月 木,火2 火4,福井
みのり３丁目,福井,水1,水2 水4,水4,水3,水3:4 6 8 10 12 2,月,火 金,木1 木3,福井
みのり４丁目,福井,水1,水2 水4,水4,水3,水3:4 6 8 10 12 2,月,火 金,木1 木3,福井
御幸３丁目,福井,水4,水1 水3,水3,水2,水2:4 6 8 10 12 2,金,月 木,火2 火4,福井
御幸４丁目,福井,水4,水1 水3,水3,水2,水2:4 6 8 10 12 2,金,月 木,火2 火4,福井
水越１丁目,福井,水1,水2 水4,水4,水3,水3:5 7 9 11 1 3,火,月 木,金1 金3,福井
水越２丁目,福井,水1,水2 水4,水4,水3,水3:5 7 9 11 1 3,火,月 木,金1 金3,福井
南四ツ居１丁目,福井,水4,水1 水3,水3,水2,水2:5 7 9 11 1 3,火,月 木,金2 金4,福井
南四ツ居２丁目,福井,水4,水1 水3,水3,水2,水2:5 7 9 11 1 3,火,月 木,金2 金4,福井
三ツ屋１丁目,福井,水3,水2 水4,水4,水1,水1:5 7 9 11 1 3,木,火 金,月2 月4,福井
三ツ屋２丁目,福井,水3,水2 水4,水4,水1,水1:5 7 9 11 1 3,木,火 金,月2 月4,福井
六日市町,福井,水3,水2 水4,水4,水1,水1:4 6 8 10 12 2,月,火 金,木2 木4,福井
桃園１丁目,福井,水1,水2 水4,水4,水3,水3:4 6 8 10 12 2,火,月 木,金2 金4,福井
桃園２丁目,福井,水1,水2 水4,水4,水3,水3:4 6 8 10 12 2,火,月 木,金2 金4,福井
森行町,福井,水1,水2 水4,水4,水3,水3:5 7 9 11 1 3,木,火 金,月1 月3,福井
門前町,福井,水1,水2 水4,水4,水3,水3:4 6 8 10 12 2,月,火 金,木1 木3,福井
門前１丁目,福井,水1,水2 水4,水4,水3,水3:4 6 8 10 12 2,月,火 金,木1 木3,福井
門前２丁目,福井,水1,水2 水4,水4,水3,水3:4 6 8 10 12 2,月,火 金,木1 木3,福井
安田町,福井,水2,水1 水3,水3,水4,水4:5 7 9 11 1 3,木,火 金,月2 月4,福井
安竹町,福井,水3,水2 水4,水4,水1,水1:5 7 9 11 1 3,木,火 金,月2 月4,福井
八ツ島町,福井,水3,水2 水4,水4,水1,水1:5 7 9 11 1 3,木,火 金,月2 月4,福井
山室町,福井,水3,水2 水4,水4,水1,水1:4 6 8 10 12 2,月,火 金,木2 木4,福井
八ツ島１丁目,福井,水3,水2 水4,水4,水1,水1:5 7 9 11 1 3,木,火 金,月2 月4,福井
有楽町,福井,水1,水2 水4,水4,水3,水3:4 6 8 10 12 2,火,月 木,金2 金4,福井
四ツ井１丁目,福井,水4,水1 水3,水3,水2,水2:5 7 9 11 1 3,火,月 木,金2 金4,福井
四ツ井２丁目,福井,水4,水1 水3,水3,水2,水2:5 7 9 11 1 3,火,月 木,金2 金4,福井
米松１丁目,福井,水4,水1 水3,水3,水2,水2:5 7 9 11 1 3,火,月 木,金2 金4,福井
米松２丁目,福井,水4,水1 水3,水3,水2,水2:5 7 9 11 1 3,火,月 木,金2 金4,福井
寮町,福井,水4,水1 水3,水3,水2,水2:5 7 9 11 1 3,月,火 金,木2 木4,福井
若栄町,福井,水4,水1 水3,水3,水2,水2:5 7 9 11 1 3,月,火 金,木2 木4,福井
若杉町,福井,水1,水2 水4,水4,水3,水3:5 7 9 11 1 3,火,月 木,金2 金4,福井
和田中町,福井,水4,水1 水3,水3,水2,水2:4 6 8 10 12 2,金,月 木,火2 火4,福井
渡町【１０１～６２０】,福井,水1,水2 水4,水4,水3,水3:5 7 9 11 1 3,火,月 木,金1 金3,福井
渡町【６２１～７２０】,福井,水1,水2 水4,水4,水3,水3:5 7 9 11 1 3,火,月 木,金2 金4,福井
和田１丁目,福井,水4,水1 水3,水3,水2,水2:4 6 8 10 12 2,金,月 木,火2 火4,福井
和田２丁目,福井,水4,水1 水3,水3,水2,水2:4 6 8 10 12 2,金,月 木,火2 火4,福井
若杉浜１丁目,福井,水1,水2 水4,水4,水3,水3:5 7 9 11 1 3,火,月 木,金2 金4,福井
若杉浜２丁目,福井,水1,水2 水4,水4,水3,水3:5 7 9 11 1 3,火,月 木,金2 金4,福井
若杉浜３丁目,福井,水1,水2 水4,水4,水3,水3:5 7 9 11 1 3,火,月 木,金2 金4,福井
和田３丁目,福井,水4,水1 水3,水3,水2,水2:4 6 8 10 12 2,金,月 木,火2 火4,福井
和田中１丁目,福井,水4,水1 水3,水3,水2,水2:4 6 8 10 12 2,金,月 木,火2 火4,福井
和田中２丁目,福井,水4,水1 水3,水3,水2,水2:4 6 8 10 12 2,金,月 木,火2 火4,福井
和田中３丁目,福井,水4,水1 水3,水3,水2,水2:4 6 8 10 12 2,金,月 木,火2 火4,福井
和田東１丁目,福井,水4,水1 水3,水3,水2,水2:4 6 8 10 12 2,金,月 木,火2 火4,福井
和田東２丁目,福井,水4,水1 水3,水3,水2,水2:4 6 8 10 12 2,金,月 木,火2 火4,福井
若杉１丁目,福井,水1,水2 水4,水4,水3,水3:5 7 9 11 1 3,火,月 木,金2 金4,福井
若杉２丁目,福井,水1,水2 水4,水4,水3,水3:5 7 9 11 1 3,火,月 木,金2 金4,福井
若杉３丁目【３０１～１１００番】,福井,水1,水2 水4,水4,水3,水3:4 6 8 10 12 2,月,火 金,木1 木3,福井
若杉３丁目【（３０１～１１００以外）】,福井,水1,水2 水4,水4,水3,水3:5 7 9 11 1 3,火,月 木,金2 金4,福井
若杉４丁目,福井,水1,水2 水4,水4,水3,水3:5 7 9 11 1 3,火,月 木,金2 金4,福井
鮎川町,福井,水2,水1 水3,水3,水4,水4:5 7 9 11 1 3,月,火 金,木2 木4,福井
大丹生町,福井,水2,水1 水3,水3,水4,水4:5 7 9 11 1 3,月,火 金,木2 木4,福井
国見町,福井,水2,水1 水3,水3,水4,水4:5 7 9 11 1 3,月,火 金,木2 木4,福井（冬季特別）
小丹生町,福井,水2,水1 水3,水3,水4,水4:5 7 9 11 1 3,月,火 金,木2 木4,福井
白浜町,福井,水2,水1 水3,水3,水4,水4:5 7 9 11 1 3,月,火 金,木2 木4,福井
尼ケ谷町,福井,*1,*1,*1,*1,*1,*1,*1,*1,福井（冬季特別）
謡谷町,福井,*1,*1,*1,*1,*1,*1,*1,*1,福井（冬季特別）
大矢町,福井,水2,水1 水3,水3,水4,水4:5 7 9 11 1 3,月,火 金,木2 木4,福井
風尾町,福井,水2,水1 水3,水3,水4,水4:5 7 9 11 1 3,月,火 金,木2 木4,福井
国山町,福井,*1,*1,*1,*1,*1,*1,*1,*1,福井（冬季特別）
宿堂町,福井,水2,水1 水3,水3,水4,水4:5 7 9 11 1 3,月,火 金,木2 木4,福井
白滝町,福井,水2,水1 水3,水3,水4,水4:5 7 9 11 1 3,月,火 金,木2 木4,福井
千合町,福井,*1,*1,*1,*1,*1,*1,*1,*1,福井（冬季特別）
西別所町,福井,水2,水1 水3,水3,水4,水4:5 7 9 11 1 3,月,火 金,木2 木4,福井
畠中町,福井,水2,水1 水3,水3,水4,水4:5 7 9 11 1 3,月,火 金,木2 木4,福井
武周町,福井,*1,*1,*1,*1,*1,*1,*1,*1,福井（冬季特別）
二ツ屋町,福井,*1,*1,*1,*1,*1,*1,*1,*1,福井（冬季特別）
別畑町,福井,*1,*1,*1,*1,*1,*1,*1,*1,福井（冬季特別）
水谷町,福井,水2,水1 水3,水3,水4,水4:5 7 9 11 1 3,月,火 金,木2 木4,福井
荒谷町,福井,水2,水1 水3,水3,水4,水4:5 7 9 11 1 3,月,火 金,木2 木4,福井
池尻町,福井,水2,水1 水3,水3,水4,水4:5 7 9 11 1 3,月,火 金,木2 木4,福井
石新保町,福井,水2,水1 水3,水3,水4,水4:5 7 9 11 1 3,月,火 金,木2 木4,福井
石畠町,福井,水2,水1 水3,水3,水4,水4:5 7 9 11 1 3,月,火 金,木2 木4,福井
一王寺町,福井,水2,水1 水3,水3,水4,水4:5 7 9 11 1 3,月,火 金,木2 木4,福井
市ノ瀬町,福井,水2,水1 水3,水3,水4,水4:5 7 9 11 1 3,月,火 金,木2 木4,福井
糸崎町,福井,水2,水1 水3,水3,水4,水4:5 7 9 11 1 3,月,火 金,木2 木4,福井
石橋町,福井,水2,水1 水3,水3,水4,水4:5 7 9 11 1 3,月,火 金,木2 木4,福井
上野町,福井,水2,水1 水3,水3,水4,水4:5 7 9 11 1 3,月,火 金,木2 木4,福井
内山梨子町,福井,水2,水1 水3,水3,水4,水4:5 7 9 11 1 3,月,火 金,木2 木4,福井
江上町,福井,水2,水1 水3,水3,水4,水4:5 7 9 11 1 3,月,火 金,木2 木4,福井
大窪町,福井,水2,水1 水3,水3,水4,水4:5 7 9 11 1 3,月,火 金,木2 木4,福井
大谷町,福井,水2,水1 水3,水3,水4,水4:5 7 9 11 1 3,月,火 金,木2 木4,福井
大年町,福井,水2,水1 水3,水3,水4,水4:5 7 9 11 1 3,月,火 金,木2 木4,福井
柿谷町,福井,水2,水1 水3,水3,水4,水4:5 7 9 11 1 3,月,火 金,木2 木4,福井
川尻町,福井,水2,水1 水3,水3,水4,水4:5 7 9 11 1 3,月,火 金,木2 木4,福井
北菅生町,福井,水2,水1 水3,水3,水4,水4:5 7 9 11 1 3,月,火 金,木2 木4,福井
木下町,福井,水2,水1 水3,水3,水4,水4:5 7 9 11 1 3,月,火 金,木2 木4,福井
木米町,福井,水2,水1 水3,水3,水4,水4:5 7 9 11 1 3,月,火 金,木2 木4,福井
串野町,福井,水2,水1 水3,水3,水4,水4:5 7 9 11 1 3,月,火 金,木2 木4,福井
黒丸城町,福井,水2,水1 水3,水3,水4,水4:5 7 9 11 1 3,月,火 金,木2 木4,福井
河内町,福井,水2,水1 水3,水3,水4,水4:5 7 9 11 1 3,月,火 金,木2 木4,福井
小尉町,福井,水2,水1 水3,水3,水4,水4:5 7 9 11 1 3,月,火 金,木2 木4,福井
小野町,福井,水2,水1 水3,水3,水4,水4:5 7 9 11 1 3,月,火 金,木2 木4,福井
御所垣内町,福井,水2,水1 水3,水3,水4,水4:5 7 9 11 1 3,月,火 金,木2 木4,福井
小幡町,福井,水2,水1 水3,水3,水4,水4:5 7 9 11 1 3,月,火 金,木2 木4,福井
佐野町,福井,水2,水1 水3,水3,水4,水4:5 7 9 11 1 3,月,火 金,木2 木4,福井
島山梨子町,福井,水2,水1 水3,水3,水4,水4:5 7 9 11 1 3,月,火 金,木2 木4,福井
浄土寺町,福井,水2,水1 水3,水3,水4,水4:5 7 9 11 1 3,月,火 金,木2 木4,福井
菖蒲谷町,福井,水2,水1 水3,水3,水4,水4:5 7 9 11 1 3,月,火 金,木2 木4,福井
昭和新町,福井,水2,水1 水3,水3,水4,水4:5 7 9 11 1 3,月,火 金,木2 木4,福井
白方町,福井,水2,水1 水3,水3,水4,水4:5 7 9 11 1 3,月,火 金,木2 木4,福井
砂子坂町,福井,水2,水1 水3,水3,水4,水4:5 7 9 11 1 3,月,火 金,木2 木4,福井
砂子田町,福井,水2,水1 水3,水3,水4,水4:5 7 9 11 1 3,月,火 金,木2 木4,福井
仙町,福井,水2,水1 水3,水3,水4,水4:5 7 9 11 1 3,月,火 金,木2 木4,福井
高須町,福井,*1,*1,*1,*1,*1,*1,*1,*1,福井（冬季特別）
田ノ頭町,福井,水2,水1 水3,水3,水4,水4:5 7 9 11 1 3,月,火 金,木2 木4,福井
為寄町,福井,水2,水1 水3,水3,水4,水4:5 7 9 11 1 3,月,火 金,木2 木4,福井
剣大谷町,福井,水2,水1 水3,水3,水4,水4:5 7 9 11 1 3,月,火 金,木2 木4,福井
燈豊町,福井,水2,水1 水3,水3,水4,水4:5 7 9 11 1 3,月,火 金,木2 木4,福井
中町,福井,水2,水1 水3,水3,水4,水4:5 7 9 11 1 3,月,火 金,木2 木4,福井
中河内町,福井,水2,水1 水3,水3,水4,水4:5 7 9 11 1 3,月,火 金,木2 木4,福井
中平町,福井,*1,*1,*1,*1,*1,*1,*1,*1,福井（冬季特別）
長橋町,福井,水2,水1 水3,水3,水4,水4:5 7 9 11 1 3,月,火 金,木2 木4,福井
中山町,福井,水2,水1 水3,水3,水4,水4:5 7 9 11 1 3,月,火 金,木2 木4,福井
波寄町,福井,水2,水1 水3,水3,水4,水4:5 7 9 11 1 3,月,火 金,木2 木4,福井
西荒井町,福井,水2,水1 水3,水3,水4,水4:5 7 9 11 1 3,月,火 金,木2 木4,福井
西中野町,福井,水2,水1 水3,水3,水4,水4:5 7 9 11 1 3,月,火 金,木2 木4,福井
西二ツ屋町,福井,水2,水1 水3,水3,水4,水4:5 7 9 11 1 3,月,火 金,木2 木4,福井
西畑町,福井,水2,水1 水3,水3,水4,水4:5 7 9 11 1 3,月,火 金,木2 木4,福井
浜島町,福井,水2,水1 水3,水3,水4,水4:5 7 9 11 1 3,月,火 金,木2 木4,福井
浜住町,福井,水2,水1 水3,水3,水4,水4:5 7 9 11 1 3,月,火 金,木2 木4,福井
浜別所町,福井,水2,水1 水3,水3,水4,水4:5 7 9 11 1 3,月,火 金,木2 木4,福井
東平町,福井,*1,*1,*1,*1,*1,*1,*1,*1,福井（冬季特別）
深坂町,福井,水2,水1 水3,水3,水4,水4:5 7 9 11 1 3,月,火 金,木2 木4,福井
布施田町,福井,水2,水1 水3,水3,水4,水4:5 7 9 11 1 3,月,火 金,木2 木4,福井
松蔭町,福井,水2,水1 水3,水3,水4,水4:5 7 9 11 1 3,月,火 金,木2 木4,福井
水切町,福井,水2,水1 水3,水3,水4,水4:5 7 9 11 1 3,月,火 金,木2 木4,福井
三宅町,福井,水2,水1 水3,水3,水4,水4:5 7 9 11 1 3,月,火 金,木2 木4,福井
南菅生町,福井,水2,水1 水3,水3,水4,水4:5 7 9 11 1 3,月,火 金,木2 木4,福井
蓑町,福井,水2,水1 水3,水3,水4,水4:5 7 9 11 1 3,月,火 金,木2 木4,福井
和布町,福井,水2,水1 水3,水3,水4,水4:5 7 9 11 1 3,月,火 金,木2 木4,福井
免鳥町,福井,水2,水1 水3,水3,水4,水4:5 7 9 11 1 3,月,火 金,木2 木4,福井
八幡町,福井,水2,水1 水3,水3,水4,水4:5 7 9 11 1 3,月,火 金,木2 木4,福井
両橋屋町,福井,水2,水1 水3,水3,水4,水4:5 7 9 11 1 3,月,火 金,木2 木4,福井
天池町,福井,水3,水2 水4,水4,水1,水1:4 6 8 10 12 2,火,月 木,金2 金4,福井
石盛１丁目,福井,水3,水2 水4,水4,水1,水1:4 6 8 10 12 2,火,月 木,金2 金4,福井
石盛２丁目,福井,水3,水2 水4,水4,水1,水1:4 6 8 10 12 2,火,月 木,金2 金4,福井
石盛３丁目,福井,水3,水2 水4,水4,水1,水1:4 6 8 10 12 2,火,月 木,金2 金4,福井
石盛町,福井,水3,水2 水4,水4,水1,水1:4 6 8 10 12 2,火,月 木,金2 金4,福井
稲多新町,福井,水3,水2 水4,水4,水1,水1:4 6 8 10 12 2,火,月 木,金2 金4,福井
稲多浜町,福井,水3,水2 水4,水4,水1,水1:4 6 8 10 12 2,火,月 木,金2 金4,福井
稲多元町,福井,水3,水2 水4,水4,水1,水1:4 6 8 10 12 2,火,月 木,金2 金4,福井
上野本町１丁目,福井,水3,水2 水4,水4,水1,水1:4 6 8 10 12 2,火,月 木,金2 金4,福井
上野本町２丁目,福井,水3,水2 水4,水4,水1,水1:4 6 8 10 12 2,火,月 木,金2 金4,福井
上野本町３丁目,福井,水3,水2 水4,水4,水1,水1:4 6 8 10 12 2,火,月 木,金2 金4,福井
上野本町４丁目,福井,水3,水2 水4,水4,水1,水1:4 6 8 10 12 2,火,月 木,金2 金4,福井
上野本町新【（団地）】,福井,水3,水2 水4,水4,水1,水1:4 6 8 10 12 2,火,月 木,金2 金4,福井
上森田町,福井,水3,水2 水4,水4,水1,水1:4 6 8 10 12 2,火,月 木,金2 金4,福井
河合寄安町,福井,水3,水2 水4,水4,水1,水1:4 6 8 10 12 2,火,月 木,金2 金4,福井
上森田１丁目,福井,水3,水2 水4,水4,水1,水1:4 6 8 10 12 2,火,月 木,金2 金4,福井
上森田２丁目,福井,水3,水2 水4,水4,水1,水1:4 6 8 10 12 2,火,月 木,金2 金4,福井
上森田３丁目,福井,水3,水2 水4,水4,水1,水1:4 6 8 10 12 2,火,月 木,金2 金4,福井
上森田４丁目,福井,水3,水2 水4,水4,水1,水1:4 6 8 10 12 2,火,月 木,金2 金4,福井
上森田５丁目,福井,水3,水2 水4,水4,水1,水1:4 6 8 10 12 2,火,月 木,金2 金4,福井
上森田６丁目,福井,水3,水2 水4,水4,水1,水1:4 6 8 10 12 2,火,月 木,金2 金4,福井
栗森１丁目,福井,水3,水2 水4,水4,水1,水1:4 6 8 10 12 2,火,月 木,金2 金4,福井
栗森２丁目,福井,水3,水2 水4,水4,水1,水1:4 6 8 10 12 2,火,月 木,金2 金4,福井
栗森町浜,福井,水3,水2 水4,水4,水1,水1:4 6 8 10 12 2,火,月 木,金2 金4,福井
栄町,福井,水3,水2 水4,水4,水1,水1:4 6 8 10 12 2,火,月 木,金2 金4,福井
定正町,福井,水3,水2 水4,水4,水1,水1:4 6 8 10 12 2,火,月 木,金2 金4,福井
定正１丁目,福井,水3,水2 水4,水4,水1,水1:4 6 8 10 12 2,火,月 木,金2 金4,福井
定正２丁目,福井,水3,水2 水4,水4,水1,水1:4 6 8 10 12 2,火,月 木,金2 金4,福井
下森田町,福井,水3,水2 水4,水4,水1,水1:4 6 8 10 12 2,火,月 木,金2 金4,福井
下森田桜町,福井,水3,水2 水4,水4,水1,水1:4 6 8 10 12 2,火,月 木,金2 金4,福井
下森田新町,福井,水3,水2 水4,水4,水1,水1:4 6 8 10 12 2,火,月 木,金2 金4,福井
下森田藤巻町,福井,水3,水2 水4,水4,水1,水1:4 6 8 10 12 2,火,月 木,金2 金4,福井
下森田本町,福井,水3,水2 水4,水4,水1,水1:4 6 8 10 12 2,火,月 木,金2 金4,福井
東森田１丁目,福井,水3,水2 水4,水4,水1,水1:4 6 8 10 12 2,火,月 木,金2 金4,福井
東森田２丁目,福井,水3,水2 水4,水4,水1,水1:4 6 8 10 12 2,火,月 木,金2 金4,福井
東森田３丁目,福井,水3,水2 水4,水4,水1,水1:4 6 8 10 12 2,火,月 木,金2 金4,福井
東森田４丁目,福井,水3,水2 水4,水4,水1,水1:4 6 8 10 12 2,火,月 木,金2 金4,福井
古市町,福井,水3,水2 水4,水4,水1,水1:4 6 8 10 12 2,火,月 木,金2 金4,福井
古市１丁目,福井,水3,水2 水4,水4,水1,水1:4 6 8 10 12 2,火,月 木,金2 金4,福井
古市２丁目,福井,水3,水2 水4,水4,水1,水1:4 6 8 10 12 2,火,月 木,金2 金4,福井
古市３丁目,福井,水3,水2 水4,水4,水1,水1:4 6 8 10 12 2,火,月 木,金2 金4,福井
八重巻町,福井,水3,水2 水4,水4,水1,水1:4 6 8 10 12 2,火,月 木,金2 金4,福井
八重巻中町,福井,水3,水2 水4,水4,水1,水1:4 6 8 10 12 2,火,月 木,金2 金4,福井
八重巻東町,福井,水3,水2 水4,水4,水1,水1:4 6 8 10 12 2,火,月 木,金2 金4,福井
安波賀町,福井,水1,水2 水4,水4,水3,水3:5 7 9 11 1 3,木,火 金,月1 月3,福井
安波賀中島町,福井,水1,水2 水4,水4,水3,水3:5 7 9 11 1 3,木,火 金,月1 月3,福井
荒木町,福井,水4,水1 水3,水3,水2,水2:5 7 9 11 1 3,金,月 木,火2 火4,福井
荒木新保町,福井,水4,水1 水3,水3,水2,水2:5 7 9 11 1 3,金,月 木,火2 火4,福井
生部町,福井,水1,水2 水4,水4,水3,水3:5 7 9 11 1 3,木,火 金,月1 月3,福井
稲津町【（足羽川北）】,福井,水4,水1 水3,水3,水2,水2:5 7 9 11 1 3,金,月 木,火2 火4,福井
稲津町【（足羽川南）６７字～】,福井,水1,水2 水4,水4,水3,水3:5 7 9 11 1 3,木,火 金,月1 月3,福井
岩倉町,福井,水1,水2 水4,水4,水3,水3:5 7 9 11 1 3,木,火 金,月1 月3,福井
円成寺町,福井,水1,水2 水4,水4,水3,水3:5 7 9 11 1 3,木,火 金,月1 月3,福井
太田町,福井,水1,水2 水4,水4,水3,水3:5 7 9 11 1 3,木,火 金,月1 月3,福井
大土呂町,福井,水1,水2 水4,水4,水3,水3:5 7 9 11 1 3,木,火 金,月1 月3,福井
大村町,福井,水1,水2 水4,水4,水3,水3:5 7 9 11 1 3,木,火 金,月1 月3,福井
鹿俣町,福井,水1,水2 水4,水4,水3,水3:5 7 9 11 1 3,木,火 金,月1 月3,福井
上莇生田町,福井,水1,水2 水4,水4,水3,水3:5 7 9 11 1 3,木,火 金,月1 月3,福井
上河北町,福井,水1,水2 水4,水4,水3,水3:5 7 9 11 1 3,木,火 金,月1 月3,福井
上東郷町,福井,水1,水2 水4,水4,水3,水3:5 7 9 11 1 3,木,火 金,月1 月3,福井
上毘沙門町,福井,水1,水2 水4,水4,水3,水3:5 7 9 11 1 3,木,火 金,月1 月3,福井
上細江町,福井,水1,水2 水4,水4,水3,水3:5 7 9 11 1 3,木,火 金,月1 月3,福井
上六条町,福井,水1,水2 水4,水4,水3,水3:5 7 9 11 1 3,木,火 金,月1 月3,福井
北山町,福井,水1,水2 水4,水4,水3,水3:5 7 9 11 1 3,木,火 金,月1 月3,福井
北山新保町,福井,水1,水2 水4,水4,水3,水3:5 7 9 11 1 3,木,火 金,月1 月3,福井
城戸ノ内町,福井,水1,水2 水4,水4,水3,水3:5 7 9 11 1 3,木,火 金,月1 月3,福井
小稲津町,福井,水1,水2 水4,水4,水3,水3:5 7 9 11 1 3,木,火 金,月1 月3,福井
宿布町,福井,*1,*1,*1,*1,水2:5 7 9 11 1 3,*1,*1,*1,福井
篠尾町,福井,水4,水1 水3,水3,水2,水2:5 7 9 11 1 3,金,月 木,火2 火4,福井
下莇生田町,福井,水1,水2 水4,水4,水3,水3:5 7 9 11 1 3,木,火 金,月1 月3,福井
下河北町,福井,水1,水2 水4,水4,水3,水3:5 7 9 11 1 3,木,火 金,月1 月3,福井
下東郷町,福井,水1,水2 水4,水4,水3,水3:5 7 9 11 1 3,木,火 金,月1 月3,福井
下毘沙門町,福井,水1,水2 水4,水4,水3,水3:5 7 9 11 1 3,木,火 金,月1 月3,福井
下細江町,福井,水1,水2 水4,水4,水3,水3:5 7 9 11 1 3,木,火 金,月1 月3,福井
下六条町,福井,水1,水2 水4,水4,水3,水3:5 7 9 11 1 3,木,火 金,月1 月3,福井
成願寺町,福井,水4,水1 水3,水3,水2,水2:5 7 9 11 1 3,金,月 木,火2 火4,福井
浄教寺町,福井,水1,水2 水4,水4,水3,水3:5 7 9 11 1 3,木,火 金,月1 月3,福井
小路町,福井,水1,水2 水4,水4,水3,水3:5 7 9 11 1 3,木,火 金,月1 月3,福井
新開町,福井,水1,水2 水4,水4,水3,水3:5 7 9 11 1 3,木,火 金,月1 月3,福井
高尾町,福井,水4,水1 水3,水3,水2,水2:5 7 9 11 1 3,金,月 木,火2 火4,福井
田治島町,福井,水1,水2 水4,水4,水3,水3:5 7 9 11 1 3,木,火 金,月1 月3,福井
田中町,福井,水1,水2 水4,水4,水3,水3:5 7 9 11 1 3,木,火 金,月1 月3,福井
天王町,福井,水1,水2 水4,水4,水3,水3:5 7 9 11 1 3,木,火 金,月1 月3,福井
東郷中島町,福井,水1,水2 水4,水4,水3,水3:5 7 9 11 1 3,木,火 金,月1 月3,福井
東郷二ケ町,福井,水1,水2 水4,水4,水3,水3:5 7 9 11 1 3,木,火 金,月1 月3,福井
栂野町,福井,水4,水1 水3,水3,水2,水2:5 7 9 11 1 3,金,月 木,火2 火4,福井
徳光町,福井,水1,水2 水4,水4,水3,水3:5 7 9 11 1 3,木,火 金,月1 月3,福井
栃泉町,福井,水1,水2 水4,水4,水3,水3:5 7 9 11 1 3,木,火 金,月1 月3,福井
中毘沙門町,福井,水1,水2 水4,水4,水3,水3:5 7 9 11 1 3,木,火 金,月1 月3,福井
西大味町,福井,水1,水2 水4,水4,水3,水3:5 7 9 11 1 3,木,火 金,月1 月3,福井
西新町,福井,水1,水2 水4,水4,水3,水3:5 7 9 11 1 3,木,火 金,月1 月3,福井
西袋町,福井,水1,水2 水4,水4,水3,水3:5 7 9 11 1 3,木,火 金,月1 月3,福井
半田町,福井,水1,水2 水4,水4,水3,水3:5 7 9 11 1 3,木,火 金,月1 月3,福井
東大味町,福井,水1,水2 水4,水4,水3,水3:5 7 9 11 1 3,木,火 金,月1 月3,福井
東新町,福井,水1,水2 水4,水4,水3,水3:5 7 9 11 1 3,木,火 金,月1 月3,福井
深見町,福井,水1,水2 水4,水4,水3,水3:5 7 9 11 1 3,木,火 金,月1 月3,福井
二上町,福井,水1,水2 水4,水4,水3,水3:5 7 9 11 1 3,木,火 金,月1 月3,福井
帆谷町,福井,水1,水2 水4,水4,水3,水3:5 7 9 11 1 3,木,火 金,月1 月3,福井
前波町,福井,水4,水1 水3,水3,水2,水2:5 7 9 11 1 3,金,月 木,火2 火4,福井
南山町,福井,水1,水2 水4,水4,水3,水3:5 7 9 11 1 3,木,火 金,月1 月3,福井
安原町,福井,水1,水2 水4,水4,水3,水3:5 7 9 11 1 3,木,火 金,月1 月3,福井
脇三ケ町,福井,水1,水2 水4,水4,水3,水3:5 7 9 11 1 3,木,火 金,月1 月3,福井
赤谷町,美山,水4,水1 水3,水3,水2,水4:5 7 9 11 1 3,月,火 金,木2 木4,美山
朝谷町,美山,水4,水1 水3,水3,水2,水4:5 7 9 11 1 3,月,火 金,木2 木4,美山
美山町,美山,水4,水1 水3,水3,水2,水4:5 7 9 11 1 3,月,火 金,木2 木4,美山
市波町,美山,水4,水1 水3,水3,水2,水4:5 7 9 11 1 3,月,火 金,木2 木4,美山
宇坂大谷町,美山,水4,水1 水3,水3,水2,水4:5 7 9 11 1 3,月,火 金,木2 木4,美山（1月・2月に燃やせないごみの収集日が変わります）
獺ケ口町,美山,水4,水1 水3,水3,水2,水4:5 7 9 11 1 3,月,火 金,木2 木4,美山（1月・2月に燃やせないごみの収集日が変わります）
大久保町,美山,水4,水1 水3,水3,水2,水4:5 7 9 11 1 3,月,火 金,木2 木4,美山（1月・2月に燃やせないごみの収集日が変わります）
美山大谷町,美山,水4,水1 水3,水3,水2,水4:5 7 9 11 1 3,月,火 金,木2 木4,美山（1月・2月に燃やせないごみの収集日が変わります）
大宮町,美山,水4,水1 水3,水3,水2,水4:5 7 9 11 1 3,月,火 金,木2 木4,美山
小当見町,美山,水4,水1 水3,水3,水2,水4:5 7 9 11 1 3,月,火 金,木2 木4,美山
折立町,美山,水4,水1 水3,水3,水2,水4:5 7 9 11 1 3,月,火 金,木2 木4,美山
篭谷町,美山,水4,水1 水3,水3,水2,水4:5 7 9 11 1 3,月,火 金,木2 木4,美山（1月・2月に燃やせないごみの収集日が変わります）
東川上町,美山,水4,水1 水3,水3,水2,水4:5 7 9 11 1 3,月,火 金,木2 木4,美山
神当部町,美山,水4,水1 水3,水3,水2,水4:5 7 9 11 1 3,月,火 金,木2 木4,美山
蔵作町,美山,水4,水1 水3,水3,水2,水4:5 7 9 11 1 3,月,火 金,木2 木4,美山
小宇坂町,美山,水4,水1 水3,水3,水2,水4:5 7 9 11 1 3,月,火 金,木2 木4,美山
小宇坂島町,美山,水4,水1 水3,水3,水2,水4:5 7 9 11 1 3,月,火 金,木2 木4,美山
味見河内町,美山,水4,水1 水3,水3,水2,水4:5 7 9 11 1 3,月,火 金,木2 木4,美山
小和清水町,美山,水4,水1 水3,水3,水2,水4:5 7 9 11 1 3,月,火 金,木2 木4,美山（1月・2月に燃やせないごみの収集日が変わります）
境寺町,美山,水4,水1 水3,水3,水2,水4:5 7 9 11 1 3,月,火 金,木2 木4,美山
皿谷町,美山,水4,水1 水3,水3,水2,水4:5 7 9 11 1 3,月,火 金,木2 木4,美山（1月・2月に燃やせないごみの収集日が変わります）
三万谷町,美山,水4,水1 水3,水3,水2,水4:5 7 9 11 1 3,月,火 金,木2 木4,美山（1月・2月に燃やせないごみの収集日が変わります）
宇坂別所町,美山,水4,水1 水3,水3,水2,水4:5 7 9 11 1 3,月,火 金,木2 木4,美山（1月・2月に燃やせないごみの収集日が変わります）
品ケ瀬町,美山,水4,水1 水3,水3,水2,水4:5 7 9 11 1 3,月,火 金,木2 木4,美山
椙谷町,美山,水4,水1 水3,水3,水2,水4:5 7 9 11 1 3,月,火 金,木2 木4,美山
高田町,美山,水4,水1 水3,水3,水2,水4:5 7 9 11 1 3,月,火 金,木2 木4,美山（1月・2月に燃やせないごみの収集日が変わります）
田尻町,美山,水4,水1 水3,水3,水2,水4:5 7 9 11 1 3,月,火 金,木2 木4,美山（1月・2月に燃やせないごみの収集日が変わります）
所谷町,美山,水4,水1 水3,水3,水2,水4:5 7 9 11 1 3,月,火 金,木2 木4,美山（1月・2月に燃やせないごみの収集日が変わります）
中手町,美山,水4,水1 水3,水3,水2,水4:5 7 9 11 1 3,月,火 金,木2 木4,美山
奈良瀬町,美山,水4,水1 水3,水3,水2,水4:5 7 9 11 1 3,月,火 金,木2 木4,美山（1月・2月に燃やせないごみの収集日が変わります）
仁位町,美山,水4,水1 水3,水3,水2,水4:5 7 9 11 1 3,月,火 金,木2 木4,美山
西天田町,美山,水4,水1 水3,水3,水2,水4:5 7 9 11 1 3,月,火 金,木2 木4,美山
西市布町,美山,水4,水1 水3,水3,水2,水4:5 7 9 11 1 3,月,火 金,木2 木4,美山
西河原町,美山,水4,水1 水3,水3,水2,水4:5 7 9 11 1 3,月,火 金,木2 木4,美山
西中町,美山,水4,水1 水3,水3,水2,水4:5 7 9 11 1 3,月,火 金,木2 木4,美山（1月・2月に燃やせないごみの収集日が変わります）
縫原町,美山,水4,水1 水3,水3,水2,水4:5 7 9 11 1 3,月,火 金,木2 木4,美山
野波町,美山,水4,水1 水3,水3,水2,水4:5 7 9 11 1 3,月,火 金,木2 木4,美山
計石町,美山,水4,水1 水3,水3,水2,水4:5 7 9 11 1 3,月,火 金,木2 木4,美山
東天田町,美山,水4,水1 水3,水3,水2,水4:5 7 9 11 1 3,月,火 金,木2 木4,美山
東河原町,美山,水4,水1 水3,水3,水2,水4:5 7 9 11 1 3,月,火 金,木2 木4,美山
東俣町,美山,水4,水1 水3,水3,水2,水4:5 7 9 11 1 3,月,火 金,木2 木4,美山
福島町,美山,水4,水1 水3,水3,水2,水4:5 7 9 11 1 3,月,火 金,木2 木4,美山（1月・2月に燃やせないごみの収集日が変わります）
間戸町,美山,水4,水1 水3,水3,水2,水4:5 7 9 11 1 3,月,火 金,木2 木4,美山
南西俣町,美山,水4,水1 水3,水3,水2,水4:5 7 9 11 1 3,月,火 金,木2 木4,美山
南野津又町,美山,水4,水1 水3,水3,水2,水4:5 7 9 11 1 3,月,火 金,木2 木4,美山
南宮地町,美山,水4,水1 水3,水3,水2,水4:5 7 9 11 1 3,月,火 金,木2 木4,美山
薬師町,美山,水4,水1 水3,水3,水2,水4:5 7 9 11 1 3,月,火 金,木2 木4,美山
横越町,美山,水4,水1 水3,水3,水2,水4:5 7 9 11 1 3,月,火 金,木2 木4,美山
吉山町,美山,水4,水1 水3,水3,水2,水4:5 7 9 11 1 3,月,火 金,木2 木4,美山
蒲生町,越廼,水2,水1 水3,水3,水4,木4,月,火 金,木2 木4,越廼
茱崎町,越廼,水2,水1 水3,水3,水4,木4,月,火 金,木2 木4,越廼
大味町,越廼,水2,水1 水3,水3,水4,木4,月,火 金,木2 木4,越廼
居倉町,越廼,水2,水1 水3,水3,水4,木4,月,火 金,木2 木4,越廼
浜北山町,越廼,水2,水1 水3,水3,水4,木4,月,火 金,木2 木4,越廼
城有町,越廼,水2,水1 水3,水3,水4,木4,月,火 金,木2 木4,越廼
赤坂町,越廼,*1,*1,*1,*1,*1,*1,*1,*1,越廼（ガラガラ山）
八ツ俣町,越廼,水2,水1 水3,水3,水4,木4,月,火 金,木2 木4,越廼
大森町,清水,水2,水1 水3,水3,水4,木4,月,火 金,木2 木4,清水西
山内町,清水,水2,水1 水3,水3,水4,木4,月,火 金,木2 木4,清水西
笹谷町,清水,水2,水1 水3,水3,水4,木4,月,火 金,木2 木4,清水西
滝波町,清水,水2,水1 水3,水3,水4,木4,月,火 金,木2 木4,清水西
本折町,清水,水2,水1 水3,水3,水4,木4,月,火 金,木2 木4,清水西
清水畑町,清水,水2,水1 水3,水3,水4,木4,月,火 金,木2 木4,清水西
平尾町,清水,水2,水1 水3,水3,水4,木4,月,火 金,木2 木4,清水西
上天下町,清水,水4,水1 水3,水3,水2,木4,月,火 金,木2 木4,清水東
下天下町,清水,水4,水1 水3,水3,水2,木4,月,火 金,木2 木4,清水東
加茂内町,清水,水2,水1 水3,水3,水4,木4,月,火 金,木2 木4,清水西
加茂町,清水,水2,水1 水3,水3,水4,木4,月,火 金,木2 木4,清水西
三留町,清水,水4,水1 水3,水3,水2,木4,月,火 金,木2 木4,清水東
清水杉谷町,清水,水4,水1 水3,水3,水2,木4,月,火 金,木2 木4,清水東
田尻栃谷町,清水,水4,水1 水3,水3,水2,木4,月,火 金,木2 木4,清水東
朝宮町,清水,水2,水1 水3,水3,水4,木4,月,火 金,木2 木4,清水北
片粕町,清水,水2,水1 水3,水3,水4,木4,月,火 金,木2 木4,清水北
竹生町,清水,水4,水1 水3,水3,水2,木4,月,火 金,木2 木4,清水東
清水町,清水,水4,水1 水3,水3,水2,木4,月,火 金,木2 木4,清水東
和田町,清水,水4,水1 水3,水3,水2,木4,月,火 金,木2 木4,清水東
グリーンハイツ１丁目,清水,水2,水1 水3,水3,水4,木4,月,火 金,木2 木4,清水北
グリーンハイツ２丁目,清水,水2,水1 水3,水3,水4,木4,月,火 金,木2 木4,清水北
グリーンハイツ３丁目,清水,水2,水1 水3,水3,水4,木4,月,火 金,木2 木4,清水北
グリーンハイツ４丁目,清水,水2,水1 水3,水3,水4,木4,月,火 金,木2 木4,清水北
グリーンハイツ５丁目,清水,水2,水1 水3,水3,水4,木4,月,火 金,木2 木4,清水北
グリーンハイツ６丁目,清水,水2,水1 水3,水3,水4,木4,月,火 金,木2 木4,清水北
グリーンハイツ７丁目,清水,水2,水1 水3,水3,水4,木4,月,火 金,木2 木4,清水北
グリーンハイツ８丁目,清水,水2,水1 水3,水3,水4,木4,月,火 金,木2 木4,清水北
グリーンハイツ９丁目,清水,水2,水1 水3,水3,水4,木4,月,火 金,木2 木4,清水北
グリーンハイツ１０丁目,清水,水2,水1 水3,水3,水4,木4,月,火 金,木2 木4,清水北
真栗町,清水,水4,水1 水3,水3,水2,木4,月,火 金,木2 木4,清水南
御油町,清水,水4,水1 水3,水3,水2,木4,月,火 金,木2 木4,清水南
島寺町,清水,水4,水1 水3,水3,水2,木4,月,火 金,木2 木4,清水南
風巻町,清水,水4,水1 水3,水3,水2,木4,月,火 金,木2 木4,清水南
小羽町,清水,水4,水1 水3,水3,水2,木4,月,火 金,木2 木4,清水東
片山町,清水,水4,水1 水3,水3,水2,木4,月,火 金,木2 木4,清水南
清水山町,清水,水4,水1 水3,水3,水2,木4,月,火 金,木2 木4,清水南
在田町,清水,水4,水1 水3,水3,水2,木4,月,火 金,木2 木4,清水南
甑谷町,清水,水4,水1 水3,水3,水2,木4,月,火 金,木2 木4,清水南
坪谷町,清水,水4,水1 水3,水3,水2,木4,月,火 金,木2 木4,清水西
志津が丘１丁目,清水,水2,水1 水3,水3,水4,木4,月,火 金,木2 木4,清水西
志津が丘２丁目,清水,水2,水1 水3,水3,水4,木4,月,火 金,木2 木4,清水西
志津が丘３丁目,清水,水2,水1 水3,水3,水4,木4,月,火 金,木2 木4,清水西
志津が丘４丁目,清水,水2,水1 水3,水3,水4,木4,月,火 金,木2 木4,清水西
上北野町,福井,水4,水1 水3,水3,水2,水2:5 7 9 11 1 3,火,月 木,金2 金4,福井
新保北１丁目,福井,水4,水1 水3,水3,水2,水2:5 7 9 11 1 3,火,月 木,金2 金4,福井
月見町,福井,水1,水2 水4,水4,水3,水3:4 6 8 10 12 2,月,火 金,木1 木3,福井
舟橋新町,福井,水3,水2 水4,水4,水1,水1:4 6 8 10 12 2,月,火 金,木2 木4,福井
